{"Accuracy": 0.913760655374737, "Precision": 0.9019624511574702, "Recall": 0.913760655374737, "F1-Score": 0.9076170523269742}